Element,Distortion Coefficients
k1,0.012554200713474135
k2,0.14620446300197854
p1,-0.003833018980402732
p2,-0.05257888011971581
k3,-0.05871837270750002
