Element,Camera Matrix
Row1Col1,3895.636290089335
Row1Col2,0.0
Row1Col3,55.47114866411273
Row2Col1,0.0
Row2Col2,3849.935524255169
Row2Col3,513.828116724505
Row3Col1,0.0
Row3Col2,0.0
Row3Col3,1.0
