Element,Distortion Coefficients
k1,-0.06499614763221122
k2,-0.672838446792498
p1,0.009066152214912915
p2,-0.021827972706722203
k3,2.0960902984355196
