Element,Camera Matrix
Row1Col1,3662.3085726920176
Row1Col2,0.0
Row1Col3,-8.689785574446073
Row2Col1,0.0
Row2Col2,3389.3290016757637
Row2Col3,657.1201305732055
Row3Col1,0.0
Row3Col2,0.0
Row3Col3,1.0
