Element,Value
k1,0.7367856323713416
k2,-2.4001091801886223
p1,0.008661942648087857
p2,-0.16229042674073213
k3,4.704467733159451
k4,0.0
k5,0.0
k6,0.0
k7,0.0
k8,0.0
k9,0.0
k10,0.0
k11,0.0
k12,0.0
