Element,Value
k1,0.05114179663815967
k2,-0.6493419517281414
p1,-0.023523795953661546
p2,-0.004032120482301194
k3,6.158554612165477
k4,0.0
k5,0.0
k6,0.0
k7,0.0
k8,0.0
k9,0.0
k10,0.0
k11,0.0
k12,0.0
