Element,Value
Row1Col1,3804.879808629881
Row1Col2,0.0
Row1Col3,565.8413323139
Row2Col1,0.0
Row2Col2,3834.8268021540175
Row2Col3,250.25494413377513
Row3Col1,0.0
Row3Col2,0.0
Row3Col3,1.0
