Element,Value
Row1Col1,4333.07314454099
Row1Col2,0.0
Row1Col3,-297.32553002562827
Row2Col1,0.0
Row2Col2,4222.691604485038
Row2Col3,775.772268712274
Row3Col1,0.0
Row3Col2,0.0
Row3Col3,1.0
